{"chunk_definitions":[{"row":9,"row_count":1,"visible":true,"expansion_state":0,"options":{"engine":"r","label":"setup","include":false,"dev":"png"},"document_id":"7E2A4162","chunk_id":"csetup_chunk","chunk_label":"setup"},{"row":71,"row_count":1,"visible":true,"expansion_state":0,"options":{"engine":"r","echo":true,"label":"unnamed-chunk-12","dev":"png"},"document_id":"7E2A4162","chunk_id":"cl1z7uc310icp","chunk_label":"unnamed-chunk-1"},{"row":96,"row_count":1,"visible":true,"expansion_state":0,"options":{"engine":"r","label":"unnamed-chunk-8","dev":"png"},"document_id":"7E2A4162","chunk_id":"cojyq4hfmjnva","chunk_label":"unnamed-chunk-2"},{"row":110,"row_count":1,"visible":true,"expansion_state":0,"options":{"engine":"r","label":"unnamed-chunk-11","dev":"png"},"document_id":"7E2A4162","chunk_id":"cohac1drx0zgy","chunk_label":"unnamed-chunk-3"}],"doc_write_time":1716416396,"working_dir":null,"default_chunk_options":{"echo":false},"chunk_rendered_width":511}